video_path,head movement,spine angle,weight shift,right knee angle,left knee angle
data/videos_160/0.mp4,False,False,False,False,False
data/videos_160/1.mp4,True,True,False,False,False
data/videos_160/2.mp4,False,True,False,False,False
data/videos_160/3.mp4,False,False,False,False,False
data/videos_160/4.mp4,False,False,False,False,False
data/videos_160/5.mp4,False,False,False,False,False
data/videos_160/6.mp4,False,False,False,False,False
data/videos_160/7.mp4,False,False,False,False,False
data/videos_160/8.mp4,False,True,False,False,False
data/videos_160/9.mp4,True,False,False,False,False
data/videos_160/10.mp4,True,False,False,False,False
data/videos_160/11.mp4,False,False,False,False,False
data/videos_160/12.mp4,False,False,False,False,False
data/videos_160/13.mp4,True,False,False,False,False
data/videos_160/14.mp4,False,False,False,False,False
data/videos_160/15.mp4,False,False,False,False,False
data/videos_160/16.mp4,True,False,False,False,False
data/videos_160/17.mp4,False,False,False,False,False
data/videos_160/18.mp4,True,False,False,False,False
data/videos_160/19.mp4,False,False,False,False,False
data/videos_160/20.mp4,True,False,False,False,False
data/videos_160/21.mp4,False,True,False,False,False
data/videos_160/22.mp4,False,False,False,False,False
data/videos_160/23.mp4,False,False,False,False,False
data/videos_160/24.mp4,False,False,False,False,False
data/videos_160/25.mp4,False,False,False,False,False
data/videos_160/26.mp4,False,False,False,False,False
data/videos_160/27.mp4,False,False,False,False,False
data/videos_160/28.mp4,True,False,False,False,False
data/videos_160/29.mp4,False,False,False,False,False
data/videos_160/30.mp4,False,False,False,False,False
data/videos_160/31.mp4,False,False,False,False,False
data/videos_160/32.mp4,False,False,False,False,False
data/videos_160/33.mp4,False,False,False,False,False
data/videos_160/34.mp4,False,False,False,False,False
data/videos_160/35.mp4,True,False,False,False,False
data/videos_160/36.mp4,True,True,False,False,False
data/videos_160/37.mp4,False,False,False,False,False
data/videos_160/38.mp4,False,False,False,False,False
data/videos_160/39.mp4,False,False,False,False,False
data/videos_160/40.mp4,False,False,False,False,False
data/videos_160/41.mp4,False,False,False,False,False
data/videos_160/42.mp4,False,True,False,False,False
data/videos_160/43.mp4,True,True,False,False,False
data/videos_160/44.mp4,True,False,False,False,False
data/videos_160/45.mp4,False,True,False,False,False
data/videos_160/46.mp4,False,False,False,False,False
data/videos_160/47.mp4,True,True,False,False,False
data/videos_160/48.mp4,False,True,False,False,False
data/videos_160/49.mp4,True,True,False,False,False
data/videos_160/50.mp4,True,False,False,False,False
data/videos_160/51.mp4,False,False,False,False,False
data/videos_160/52.mp4,False,False,False,False,False
data/videos_160/53.mp4,True,False,False,False,False
data/videos_160/54.mp4,True,False,False,False,False
data/videos_160/55.mp4,False,False,False,False,False
data/videos_160/56.mp4,True,False,False,False,False
data/videos_160/57.mp4,False,False,False,False,False
data/videos_160/58.mp4,False,False,False,False,False
data/videos_160/59.mp4,False,False,False,False,False
data/videos_160/60.mp4,True,False,False,False,False
data/videos_160/61.mp4,True,False,False,False,False
data/videos_160/62.mp4,True,False,False,False,False
data/videos_160/63.mp4,False,True,False,False,False
data/videos_160/64.mp4,False,False,False,False,False
data/videos_160/65.mp4,False,False,False,False,False
data/videos_160/66.mp4,False,False,False,False,False
data/videos_160/67.mp4,True,False,False,False,False
data/videos_160/68.mp4,False,False,False,False,False
data/videos_160/69.mp4,True,True,False,False,False
data/videos_160/70.mp4,False,False,False,False,False
data/videos_160/71.mp4,False,False,False,False,False
data/videos_160/72.mp4,False,False,False,False,False
data/videos_160/73.mp4,False,False,False,False,False
data/videos_160/74.mp4,True,True,False,False,False
data/videos_160/75.mp4,False,False,False,False,False
data/videos_160/76.mp4,True,False,False,False,False
data/videos_160/77.mp4,False,False,False,False,False
data/videos_160/78.mp4,False,False,False,False,False
data/videos_160/79.mp4,True,False,False,False,False
data/videos_160/80.mp4,True,True,False,False,False
data/videos_160/81.mp4,True,False,False,False,False
data/videos_160/82.mp4,True,True,False,False,False
data/videos_160/83.mp4,True,False,False,False,False
data/videos_160/84.mp4,False,False,False,False,False
data/videos_160/85.mp4,False,False,False,False,False
data/videos_160/86.mp4,False,False,False,False,False
data/videos_160/87.mp4,False,False,False,False,False
data/videos_160/88.mp4,True,False,False,False,False
data/videos_160/89.mp4,False,True,False,False,False
data/videos_160/90.mp4,False,False,False,False,False
data/videos_160/91.mp4,True,False,False,False,False
data/videos_160/92.mp4,False,False,False,False,False
data/videos_160/93.mp4,False,False,False,False,False
data/videos_160/94.mp4,True,False,False,False,False
data/videos_160/95.mp4,False,False,False,False,False
data/videos_160/96.mp4,False,False,False,False,False
data/videos_160/97.mp4,False,True,False,False,False
data/videos_160/98.mp4,True,False,False,False,False
data/videos_160/99.mp4,True,False,False,False,False
data/videos_160/100.mp4,True,True,False,False,False
data/videos_160/101.mp4,False,False,False,False,False
data/videos_160/102.mp4,True,True,False,False,False
data/videos_160/103.mp4,True,False,False,False,False
data/videos_160/104.mp4,True,False,False,False,False
data/videos_160/105.mp4,False,True,False,False,False
data/videos_160/106.mp4,True,False,False,False,False
data/videos_160/107.mp4,True,False,False,False,False
data/videos_160/108.mp4,False,True,False,False,False
data/videos_160/109.mp4,True,True,False,False,False
data/videos_160/110.mp4,False,False,False,False,False
data/videos_160/111.mp4,False,False,False,False,False
data/videos_160/112.mp4,False,False,False,False,False
data/videos_160/113.mp4,True,False,False,False,False
data/videos_160/114.mp4,True,True,False,False,False
data/videos_160/115.mp4,False,True,False,False,False
data/videos_160/116.mp4,False,False,False,False,False
data/videos_160/117.mp4,False,False,False,False,False
data/videos_160/118.mp4,True,False,False,False,False
data/videos_160/119.mp4,False,False,False,False,False
data/videos_160/120.mp4,False,False,False,False,False
data/videos_160/121.mp4,False,False,False,False,False
data/videos_160/122.mp4,True,False,False,False,False
data/videos_160/123.mp4,True,False,False,False,False
data/videos_160/124.mp4,False,False,False,False,False
data/videos_160/125.mp4,True,False,False,False,False
data/videos_160/126.mp4,True,False,False,False,False
data/videos_160/127.mp4,True,False,False,False,False
data/videos_160/128.mp4,False,False,False,False,False
data/videos_160/129.mp4,True,False,False,False,False
data/videos_160/130.mp4,False,False,False,False,False
data/videos_160/131.mp4,True,False,False,False,False
data/videos_160/132.mp4,False,False,False,False,False
data/videos_160/133.mp4,True,False,False,False,False
data/videos_160/134.mp4,True,False,False,False,False
data/videos_160/135.mp4,False,False,False,False,False
data/videos_160/136.mp4,False,False,False,False,False
data/videos_160/137.mp4,False,True,False,False,False
data/videos_160/138.mp4,True,False,False,False,False
data/videos_160/139.mp4,True,False,False,False,False
data/videos_160/140.mp4,False,False,False,False,False
data/videos_160/141.mp4,True,False,False,False,False
data/videos_160/142.mp4,True,False,False,False,False
data/videos_160/143.mp4,False,False,False,False,False
data/videos_160/144.mp4,True,False,False,False,False
data/videos_160/145.mp4,False,False,False,False,False
data/videos_160/146.mp4,False,False,False,False,False
data/videos_160/147.mp4,False,True,False,False,False
data/videos_160/148.mp4,True,True,False,False,False
data/videos_160/149.mp4,True,True,False,False,False
data/videos_160/150.mp4,True,False,False,False,False
data/videos_160/151.mp4,True,False,False,False,False
data/videos_160/152.mp4,False,False,False,False,False
data/videos_160/153.mp4,True,True,False,False,False
data/videos_160/154.mp4,False,False,False,False,False
data/videos_160/155.mp4,False,False,False,False,False
data/videos_160/156.mp4,False,False,False,False,False
data/videos_160/157.mp4,False,False,False,False,False
data/videos_160/158.mp4,False,False,False,False,False
data/videos_160/159.mp4,False,False,False,False,False
data/videos_160/160.mp4,True,False,False,False,False
data/videos_160/161.mp4,False,False,False,False,False
data/videos_160/162.mp4,True,False,False,False,False
data/videos_160/163.mp4,False,False,False,False,False
data/videos_160/164.mp4,False,False,False,False,False
data/videos_160/165.mp4,True,True,False,False,False
data/videos_160/166.mp4,False,True,False,False,False
data/videos_160/167.mp4,True,True,False,False,False
data/videos_160/168.mp4,False,False,False,False,False
data/videos_160/169.mp4,True,False,False,False,False
data/videos_160/170.mp4,True,False,False,False,False
data/videos_160/171.mp4,True,False,False,False,False
data/videos_160/172.mp4,True,True,False,False,False
data/videos_160/173.mp4,False,True,False,False,False
data/videos_160/174.mp4,True,True,False,False,False
data/videos_160/175.mp4,False,False,False,False,False
data/videos_160/176.mp4,False,False,False,False,False
data/videos_160/177.mp4,False,False,False,False,False
data/videos_160/178.mp4,True,False,False,False,False
data/videos_160/179.mp4,False,False,False,False,False
data/videos_160/180.mp4,False,False,False,False,False
data/videos_160/181.mp4,True,True,False,False,False
data/videos_160/182.mp4,False,True,False,False,False
data/videos_160/183.mp4,True,False,False,False,False
data/videos_160/184.mp4,False,False,False,False,False
data/videos_160/185.mp4,True,False,False,False,False
data/videos_160/186.mp4,False,True,False,False,False
data/videos_160/187.mp4,True,False,False,False,False
data/videos_160/188.mp4,False,False,False,False,False
data/videos_160/189.mp4,False,False,False,False,False
data/videos_160/190.mp4,False,False,False,False,False
data/videos_160/191.mp4,False,False,False,False,False
data/videos_160/192.mp4,False,False,False,False,False
data/videos_160/193.mp4,True,True,False,False,False
data/videos_160/194.mp4,True,False,False,False,False
data/videos_160/195.mp4,True,False,False,False,False
data/videos_160/196.mp4,True,False,False,False,False
data/videos_160/197.mp4,False,False,False,False,False
data/videos_160/198.mp4,False,True,False,False,False
data/videos_160/199.mp4,True,True,False,False,False
data/videos_160/200.mp4,True,False,False,False,False
data/videos_160/201.mp4,True,False,False,False,False
data/videos_160/202.mp4,True,False,False,False,False
data/videos_160/203.mp4,False,False,False,False,False
data/videos_160/204.mp4,False,False,False,False,False
data/videos_160/205.mp4,False,False,False,False,False
data/videos_160/206.mp4,True,True,False,False,False
data/videos_160/207.mp4,False,False,False,False,False
data/videos_160/208.mp4,False,False,False,False,False
data/videos_160/209.mp4,False,True,False,False,False
data/videos_160/210.mp4,False,True,False,False,False
data/videos_160/211.mp4,True,False,False,False,False
data/videos_160/212.mp4,True,False,False,False,False
data/videos_160/213.mp4,True,False,False,False,False
data/videos_160/214.mp4,True,False,False,False,False
data/videos_160/215.mp4,False,False,False,False,False
data/videos_160/216.mp4,True,False,False,False,False
data/videos_160/217.mp4,False,False,False,False,False
data/videos_160/218.mp4,False,True,False,False,False
data/videos_160/219.mp4,False,False,False,False,False
data/videos_160/220.mp4,True,True,False,False,False
data/videos_160/221.mp4,True,False,False,False,False
data/videos_160/222.mp4,True,True,False,False,False
data/videos_160/223.mp4,True,False,False,False,False
data/videos_160/224.mp4,False,False,False,False,False
data/videos_160/225.mp4,True,True,False,False,False
data/videos_160/226.mp4,True,False,False,False,False
data/videos_160/227.mp4,False,False,False,False,False
data/videos_160/228.mp4,False,False,False,False,False
data/videos_160/229.mp4,False,False,False,False,False
data/videos_160/230.mp4,True,False,False,False,False
data/videos_160/231.mp4,False,False,False,False,False
data/videos_160/232.mp4,False,False,False,False,False
data/videos_160/233.mp4,True,False,False,False,False
data/videos_160/234.mp4,False,True,False,False,False
data/videos_160/235.mp4,True,True,False,False,False
data/videos_160/236.mp4,False,False,False,False,False
data/videos_160/237.mp4,False,True,False,False,False
data/videos_160/238.mp4,False,False,False,False,False
data/videos_160/239.mp4,False,False,False,False,False
data/videos_160/240.mp4,True,False,False,False,False
data/videos_160/241.mp4,False,False,False,False,False
data/videos_160/242.mp4,False,False,False,False,False
data/videos_160/243.mp4,True,False,False,False,False
data/videos_160/244.mp4,False,False,False,False,False
data/videos_160/245.mp4,False,False,False,False,False
data/videos_160/246.mp4,False,False,False,False,False
data/videos_160/247.mp4,False,False,False,False,False
data/videos_160/248.mp4,False,True,False,False,False
data/videos_160/249.mp4,True,False,False,False,False
data/videos_160/250.mp4,True,False,False,False,False
data/videos_160/251.mp4,False,True,False,False,False
data/videos_160/252.mp4,False,False,False,False,False
data/videos_160/253.mp4,False,False,False,False,False
data/videos_160/254.mp4,True,True,False,False,False
data/videos_160/255.mp4,True,False,False,False,False
data/videos_160/256.mp4,False,False,False,False,False
data/videos_160/257.mp4,True,False,False,False,False
data/videos_160/258.mp4,True,False,False,False,False
data/videos_160/259.mp4,False,True,False,False,False
data/videos_160/260.mp4,True,False,False,False,False
data/videos_160/261.mp4,False,False,False,False,False
data/videos_160/262.mp4,False,False,False,False,False
data/videos_160/263.mp4,True,False,False,False,False
data/videos_160/264.mp4,False,False,False,False,False
data/videos_160/265.mp4,False,False,False,False,False
data/videos_160/266.mp4,True,False,False,False,False
data/videos_160/267.mp4,True,False,False,False,False
data/videos_160/268.mp4,True,False,False,False,False
data/videos_160/269.mp4,True,False,False,False,False
data/videos_160/270.mp4,False,False,False,False,False
data/videos_160/271.mp4,True,False,False,False,False
data/videos_160/272.mp4,True,True,False,False,False
data/videos_160/273.mp4,False,False,False,False,False
data/videos_160/274.mp4,False,False,False,False,False
data/videos_160/275.mp4,True,True,False,False,False
data/videos_160/276.mp4,False,False,False,False,False
data/videos_160/277.mp4,False,False,False,False,False
data/videos_160/278.mp4,True,False,False,False,False
data/videos_160/279.mp4,False,False,False,False,False
data/videos_160/280.mp4,True,True,False,False,False
data/videos_160/281.mp4,True,False,False,False,False
data/videos_160/282.mp4,False,False,False,False,False
data/videos_160/283.mp4,False,False,False,False,False
data/videos_160/284.mp4,True,False,False,False,False
data/videos_160/285.mp4,False,False,False,False,False
data/videos_160/286.mp4,False,False,False,False,False
data/videos_160/287.mp4,False,False,False,False,False
data/videos_160/288.mp4,False,False,False,False,False
data/videos_160/289.mp4,True,True,False,False,False
data/videos_160/290.mp4,False,False,False,False,False
data/videos_160/291.mp4,False,False,False,False,False
data/videos_160/292.mp4,False,False,False,False,False
data/videos_160/293.mp4,False,False,False,False,False
data/videos_160/294.mp4,False,True,False,False,False
data/videos_160/295.mp4,False,False,False,False,False
data/videos_160/296.mp4,True,False,False,False,False
data/videos_160/297.mp4,False,False,False,False,False
data/videos_160/298.mp4,True,False,False,False,False
data/videos_160/299.mp4,False,False,False,False,False
data/videos_160/300.mp4,True,False,False,False,False
data/videos_160/301.mp4,False,False,False,False,False
data/videos_160/302.mp4,False,False,False,False,False
data/videos_160/303.mp4,False,False,False,False,False
data/videos_160/304.mp4,True,True,False,False,False
data/videos_160/305.mp4,False,False,False,False,False
data/videos_160/306.mp4,False,False,False,False,False
data/videos_160/307.mp4,True,True,False,False,False
data/videos_160/308.mp4,True,False,False,False,False
data/videos_160/309.mp4,False,False,False,False,False
data/videos_160/310.mp4,False,True,False,False,False
data/videos_160/311.mp4,True,False,False,False,False
data/videos_160/312.mp4,True,False,False,False,False
data/videos_160/313.mp4,True,False,False,False,False
data/videos_160/314.mp4,False,False,False,False,False
data/videos_160/315.mp4,True,False,False,False,False
data/videos_160/316.mp4,False,False,False,False,False
data/videos_160/317.mp4,True,True,False,False,False
data/videos_160/318.mp4,False,False,False,False,False
data/videos_160/319.mp4,True,False,False,False,False
data/videos_160/320.mp4,True,False,False,False,False
data/videos_160/321.mp4,False,False,False,False,False
data/videos_160/322.mp4,True,False,False,False,False
data/videos_160/323.mp4,True,False,False,False,False
data/videos_160/324.mp4,False,True,False,False,False
data/videos_160/325.mp4,False,False,False,False,False
data/videos_160/326.mp4,True,False,False,False,False
data/videos_160/327.mp4,False,True,False,False,False
data/videos_160/328.mp4,True,True,False,False,False
data/videos_160/329.mp4,True,False,False,False,False
data/videos_160/330.mp4,True,False,False,False,False
data/videos_160/331.mp4,True,False,False,False,False
data/videos_160/332.mp4,False,False,False,False,False
data/videos_160/333.mp4,True,False,False,False,False
data/videos_160/334.mp4,False,False,False,False,False
data/videos_160/335.mp4,True,False,False,False,False
data/videos_160/336.mp4,False,True,False,False,False
data/videos_160/337.mp4,False,False,False,False,False
data/videos_160/338.mp4,False,True,False,False,False
data/videos_160/339.mp4,False,True,False,False,False
data/videos_160/340.mp4,False,True,False,False,False
data/videos_160/341.mp4,True,True,False,False,False
data/videos_160/342.mp4,True,False,False,False,False
data/videos_160/343.mp4,False,False,False,False,False
data/videos_160/344.mp4,True,True,False,False,False
data/videos_160/345.mp4,False,False,False,False,False
data/videos_160/346.mp4,False,False,False,False,False
data/videos_160/347.mp4,True,False,False,False,False
data/videos_160/348.mp4,True,False,False,False,False
data/videos_160/349.mp4,True,True,False,False,False
data/videos_160/350.mp4,False,False,False,False,False
data/videos_160/351.mp4,True,True,False,False,False
data/videos_160/352.mp4,True,False,False,False,False
data/videos_160/353.mp4,False,False,False,False,False
data/videos_160/354.mp4,True,False,False,False,False
data/videos_160/355.mp4,True,False,False,False,False
data/videos_160/356.mp4,False,False,False,False,False
data/videos_160/357.mp4,False,True,False,False,False
data/videos_160/358.mp4,False,True,False,False,False
data/videos_160/359.mp4,True,True,False,False,False
data/videos_160/360.mp4,False,False,False,False,False
data/videos_160/361.mp4,False,False,False,False,False
data/videos_160/362.mp4,True,True,False,False,False
data/videos_160/363.mp4,False,False,False,False,False
data/videos_160/364.mp4,False,False,False,False,False
data/videos_160/365.mp4,False,False,False,False,False
data/videos_160/366.mp4,True,True,False,False,False
data/videos_160/367.mp4,True,False,False,False,False
data/videos_160/368.mp4,True,False,False,False,False
data/videos_160/369.mp4,False,False,False,False,False
data/videos_160/370.mp4,False,False,False,False,False
data/videos_160/371.mp4,True,False,False,False,False
data/videos_160/372.mp4,False,True,False,False,False
data/videos_160/373.mp4,False,False,False,False,False
data/videos_160/374.mp4,False,False,False,False,False
data/videos_160/375.mp4,False,False,False,False,False
data/videos_160/376.mp4,False,True,False,False,False
data/videos_160/377.mp4,False,True,False,False,False
data/videos_160/378.mp4,False,False,False,False,False
data/videos_160/379.mp4,True,False,False,False,False
data/videos_160/380.mp4,True,False,False,False,False
data/videos_160/381.mp4,True,False,False,False,False
data/videos_160/382.mp4,False,False,False,False,False
data/videos_160/383.mp4,True,False,False,False,False
data/videos_160/384.mp4,False,False,False,False,False
data/videos_160/385.mp4,False,True,False,False,False
data/videos_160/386.mp4,True,False,False,False,False
data/videos_160/387.mp4,False,False,False,False,False
data/videos_160/388.mp4,True,True,False,False,False
data/videos_160/389.mp4,True,False,False,False,False
data/videos_160/390.mp4,True,False,False,False,False
data/videos_160/391.mp4,True,False,False,False,False
data/videos_160/392.mp4,False,False,False,False,False
data/videos_160/393.mp4,False,False,False,False,False
data/videos_160/394.mp4,False,False,False,False,False
data/videos_160/395.mp4,False,False,False,False,False
data/videos_160/396.mp4,False,False,False,False,False
data/videos_160/397.mp4,True,False,False,False,False
data/videos_160/398.mp4,False,False,False,False,False
data/videos_160/399.mp4,True,True,False,False,False
data/videos_160/400.mp4,False,False,False,False,False
data/videos_160/401.mp4,False,False,False,False,False
data/videos_160/402.mp4,False,False,False,False,False
data/videos_160/403.mp4,False,False,False,False,False
data/videos_160/404.mp4,False,True,False,False,False
data/videos_160/405.mp4,True,False,False,False,False
data/videos_160/406.mp4,True,True,False,False,False
data/videos_160/407.mp4,False,False,False,False,False
data/videos_160/408.mp4,False,False,False,False,False
data/videos_160/409.mp4,True,False,False,False,False
data/videos_160/410.mp4,False,False,False,False,False
data/videos_160/411.mp4,False,False,False,False,False
data/videos_160/412.mp4,False,False,False,False,False
data/videos_160/413.mp4,True,False,False,False,False
data/videos_160/414.mp4,False,False,False,False,False
data/videos_160/415.mp4,False,False,False,False,False
data/videos_160/416.mp4,True,False,False,False,False
data/videos_160/417.mp4,False,False,False,False,False
data/videos_160/418.mp4,True,True,False,False,False
data/videos_160/419.mp4,False,True,False,False,False
data/videos_160/420.mp4,True,False,False,False,False
data/videos_160/421.mp4,False,False,False,False,False
data/videos_160/422.mp4,True,False,False,False,False
data/videos_160/423.mp4,False,False,False,False,False
data/videos_160/424.mp4,True,False,False,False,False
data/videos_160/425.mp4,False,False,False,False,False
data/videos_160/426.mp4,True,False,False,False,False
data/videos_160/427.mp4,False,False,False,False,False
data/videos_160/428.mp4,False,True,False,False,False
data/videos_160/429.mp4,True,True,False,False,False
data/videos_160/430.mp4,False,True,False,False,False
data/videos_160/431.mp4,False,False,False,False,False
data/videos_160/432.mp4,False,False,False,False,False
data/videos_160/433.mp4,False,False,False,False,False
data/videos_160/434.mp4,True,False,False,False,False
data/videos_160/435.mp4,False,True,False,False,False
data/videos_160/436.mp4,False,False,False,False,False
data/videos_160/437.mp4,True,True,False,False,False
data/videos_160/438.mp4,True,True,False,False,False
data/videos_160/439.mp4,False,False,False,False,False
data/videos_160/440.mp4,False,True,False,False,False
data/videos_160/441.mp4,True,False,False,False,False
data/videos_160/442.mp4,False,True,False,False,False
data/videos_160/443.mp4,True,True,False,False,False
data/videos_160/444.mp4,True,False,False,False,False
data/videos_160/445.mp4,True,False,False,False,False
data/videos_160/446.mp4,True,True,False,False,False
data/videos_160/447.mp4,False,False,False,False,False
data/videos_160/448.mp4,True,False,False,False,False
data/videos_160/449.mp4,False,True,False,False,False
data/videos_160/450.mp4,True,False,False,False,False
data/videos_160/451.mp4,True,True,False,False,False
data/videos_160/452.mp4,True,True,False,False,False
data/videos_160/453.mp4,False,False,False,False,False
data/videos_160/454.mp4,False,False,False,False,False
data/videos_160/455.mp4,False,False,False,False,False
data/videos_160/456.mp4,True,True,False,False,False
data/videos_160/457.mp4,False,True,False,False,False
data/videos_160/458.mp4,False,False,False,False,False
data/videos_160/459.mp4,False,False,False,False,False
data/videos_160/460.mp4,False,False,False,False,False
data/videos_160/461.mp4,True,True,False,False,False
data/videos_160/462.mp4,False,False,False,False,False
data/videos_160/463.mp4,True,True,False,False,False
data/videos_160/464.mp4,False,True,False,False,False
data/videos_160/465.mp4,True,False,False,False,False
data/videos_160/466.mp4,True,False,False,False,False
data/videos_160/467.mp4,True,False,False,False,False
data/videos_160/468.mp4,False,False,False,False,False
data/videos_160/469.mp4,False,False,False,False,False
data/videos_160/470.mp4,True,False,False,False,False
data/videos_160/471.mp4,True,False,False,False,False
data/videos_160/472.mp4,False,False,False,False,False
data/videos_160/473.mp4,False,True,False,False,False
data/videos_160/474.mp4,True,False,False,False,False
data/videos_160/475.mp4,True,True,False,False,False
data/videos_160/476.mp4,False,False,False,False,False
data/videos_160/477.mp4,False,False,False,False,False
data/videos_160/478.mp4,True,False,False,False,False
data/videos_160/479.mp4,False,False,False,False,False
data/videos_160/480.mp4,False,False,False,False,False
data/videos_160/481.mp4,False,False,False,False,False
data/videos_160/482.mp4,False,False,False,False,False
data/videos_160/483.mp4,False,False,False,False,False
data/videos_160/484.mp4,True,False,False,False,False
data/videos_160/485.mp4,False,False,False,False,False
data/videos_160/486.mp4,True,True,False,False,False
data/videos_160/487.mp4,False,False,False,False,False
data/videos_160/488.mp4,True,True,False,False,False
data/videos_160/489.mp4,False,False,False,False,False
data/videos_160/490.mp4,False,True,False,False,False
data/videos_160/491.mp4,True,False,False,False,False
data/videos_160/492.mp4,True,False,False,False,False
data/videos_160/493.mp4,True,True,False,False,False
data/videos_160/494.mp4,False,True,False,False,False
data/videos_160/495.mp4,False,True,False,False,False
data/videos_160/496.mp4,True,False,False,False,False
data/videos_160/497.mp4,True,False,False,False,False
data/videos_160/498.mp4,False,True,False,False,False
data/videos_160/499.mp4,True,False,False,False,False
data/videos_160/500.mp4,False,True,False,False,False
data/videos_160/501.mp4,True,False,False,False,False
data/videos_160/502.mp4,True,True,False,False,False
data/videos_160/503.mp4,False,False,False,False,False
data/videos_160/504.mp4,True,False,False,False,False
data/videos_160/505.mp4,False,False,False,False,False
data/videos_160/506.mp4,False,False,False,False,False
data/videos_160/507.mp4,False,False,False,False,False
data/videos_160/508.mp4,True,True,False,False,False
data/videos_160/509.mp4,False,True,False,False,False
data/videos_160/510.mp4,False,False,False,False,False
data/videos_160/511.mp4,True,True,False,False,False
data/videos_160/512.mp4,False,False,False,False,False
data/videos_160/513.mp4,False,False,False,False,False
data/videos_160/514.mp4,False,True,False,False,False
data/videos_160/515.mp4,True,False,False,False,False
data/videos_160/516.mp4,False,True,False,False,False
data/videos_160/517.mp4,False,False,False,False,False
data/videos_160/518.mp4,False,False,False,False,False
data/videos_160/519.mp4,False,False,False,False,False
data/videos_160/520.mp4,True,False,False,False,False
data/videos_160/521.mp4,False,False,False,False,False
data/videos_160/522.mp4,False,False,False,False,False
data/videos_160/523.mp4,False,False,False,False,False
data/videos_160/524.mp4,True,False,False,False,False
data/videos_160/525.mp4,True,False,False,False,False
data/videos_160/526.mp4,False,False,False,False,False
data/videos_160/527.mp4,False,False,False,False,False
data/videos_160/528.mp4,True,False,False,False,False
data/videos_160/529.mp4,True,True,False,False,False
data/videos_160/530.mp4,True,False,False,False,False
data/videos_160/531.mp4,False,False,False,False,False
data/videos_160/532.mp4,True,False,False,False,False
data/videos_160/533.mp4,True,False,False,False,False
data/videos_160/534.mp4,False,True,False,False,False
data/videos_160/535.mp4,False,False,False,False,False
data/videos_160/536.mp4,False,False,False,False,False
data/videos_160/537.mp4,False,False,False,False,False
data/videos_160/538.mp4,False,True,False,False,False
data/videos_160/539.mp4,True,False,False,False,False
data/videos_160/540.mp4,False,False,False,False,False
data/videos_160/541.mp4,False,True,False,False,False
data/videos_160/542.mp4,False,False,False,False,False
data/videos_160/543.mp4,True,False,False,False,False
data/videos_160/544.mp4,False,False,False,False,False
data/videos_160/545.mp4,False,False,False,False,False
data/videos_160/546.mp4,True,False,False,False,False
data/videos_160/547.mp4,False,False,False,False,False
data/videos_160/548.mp4,True,False,False,False,False
data/videos_160/549.mp4,False,False,False,False,False
data/videos_160/550.mp4,True,False,False,False,False
data/videos_160/551.mp4,False,False,False,False,False
data/videos_160/552.mp4,True,False,False,False,False
data/videos_160/553.mp4,False,False,False,False,False
data/videos_160/554.mp4,False,True,False,False,False
data/videos_160/555.mp4,False,False,False,False,False
data/videos_160/556.mp4,False,False,False,False,False
data/videos_160/557.mp4,False,False,False,False,False
data/videos_160/558.mp4,False,False,False,False,False
data/videos_160/559.mp4,False,False,False,False,False
data/videos_160/560.mp4,False,False,False,False,False
data/videos_160/561.mp4,False,False,False,False,False
data/videos_160/562.mp4,False,False,False,False,False
data/videos_160/563.mp4,True,False,False,False,False
data/videos_160/564.mp4,True,True,False,False,False
data/videos_160/565.mp4,True,False,False,False,False
data/videos_160/566.mp4,True,False,False,False,False
data/videos_160/567.mp4,False,False,False,False,False
data/videos_160/568.mp4,False,False,False,False,False
data/videos_160/569.mp4,True,True,False,False,False
data/videos_160/570.mp4,True,False,False,False,False
data/videos_160/571.mp4,True,False,False,False,False
data/videos_160/572.mp4,True,False,False,False,False
data/videos_160/573.mp4,False,False,False,False,False
data/videos_160/574.mp4,False,True,False,False,False
data/videos_160/575.mp4,True,False,False,False,False
data/videos_160/576.mp4,True,False,False,False,False
data/videos_160/577.mp4,False,False,False,False,False
data/videos_160/578.mp4,False,False,False,False,False
data/videos_160/579.mp4,False,False,False,False,False
data/videos_160/580.mp4,False,False,False,False,False
data/videos_160/581.mp4,False,True,False,False,False
data/videos_160/582.mp4,False,False,False,False,False
data/videos_160/583.mp4,False,True,False,False,False
data/videos_160/584.mp4,True,False,False,False,False
data/videos_160/585.mp4,False,False,False,False,False
data/videos_160/586.mp4,False,False,False,False,False
data/videos_160/587.mp4,False,False,False,False,False
data/videos_160/588.mp4,False,False,False,False,False
data/videos_160/589.mp4,False,True,False,False,False
data/videos_160/590.mp4,True,True,False,False,False
data/videos_160/591.mp4,True,True,False,False,False
data/videos_160/592.mp4,True,True,False,False,False
data/videos_160/593.mp4,True,True,False,False,False
data/videos_160/594.mp4,False,False,False,False,False
data/videos_160/595.mp4,True,False,False,False,False
data/videos_160/596.mp4,False,False,False,False,False
data/videos_160/597.mp4,False,False,False,False,False
data/videos_160/598.mp4,True,False,False,False,False
data/videos_160/599.mp4,True,False,False,False,False
data/videos_160/600.mp4,False,False,False,False,False
data/videos_160/601.mp4,False,False,False,False,False
data/videos_160/602.mp4,True,True,False,False,False
data/videos_160/603.mp4,False,True,False,False,False
data/videos_160/604.mp4,False,False,False,False,False
data/videos_160/605.mp4,False,True,False,False,False
data/videos_160/606.mp4,False,False,False,False,False
data/videos_160/607.mp4,False,True,False,False,False
data/videos_160/608.mp4,True,True,False,False,False
data/videos_160/609.mp4,True,False,False,False,False
data/videos_160/610.mp4,False,False,False,False,False
data/videos_160/611.mp4,True,False,False,False,False
data/videos_160/612.mp4,False,True,False,False,False
data/videos_160/613.mp4,False,False,False,False,False
data/videos_160/614.mp4,True,True,False,False,False
data/videos_160/615.mp4,False,False,False,False,False
data/videos_160/616.mp4,True,False,False,False,False
data/videos_160/617.mp4,False,False,False,False,False
data/videos_160/618.mp4,False,False,False,False,False
data/videos_160/619.mp4,True,False,False,False,False
data/videos_160/620.mp4,True,True,False,False,False
data/videos_160/621.mp4,True,False,False,False,False
data/videos_160/622.mp4,False,False,False,False,False
data/videos_160/623.mp4,False,False,False,False,False
data/videos_160/624.mp4,False,True,False,False,False
data/videos_160/625.mp4,True,False,False,False,False
data/videos_160/626.mp4,False,True,False,False,False
data/videos_160/627.mp4,False,False,False,False,False
data/videos_160/628.mp4,False,False,False,False,False
data/videos_160/629.mp4,False,False,False,False,False
data/videos_160/630.mp4,False,False,False,False,False
data/videos_160/631.mp4,False,False,False,False,False
data/videos_160/632.mp4,False,False,False,False,False
data/videos_160/633.mp4,False,False,False,False,False
data/videos_160/634.mp4,False,False,False,False,False
data/videos_160/635.mp4,True,True,False,False,False
data/videos_160/636.mp4,False,False,False,False,False
data/videos_160/637.mp4,False,False,False,False,False
data/videos_160/638.mp4,False,False,False,False,False
data/videos_160/639.mp4,False,False,False,False,False
data/videos_160/640.mp4,False,False,False,False,False
data/videos_160/641.mp4,True,False,False,False,False
data/videos_160/642.mp4,True,False,False,False,False
data/videos_160/643.mp4,True,False,False,False,False
data/videos_160/644.mp4,False,False,False,False,False
data/videos_160/645.mp4,False,False,False,False,False
data/videos_160/646.mp4,False,False,False,False,False
data/videos_160/647.mp4,True,False,False,False,False
data/videos_160/648.mp4,False,True,False,False,False
data/videos_160/649.mp4,False,False,False,False,False
data/videos_160/650.mp4,True,False,False,False,False
data/videos_160/651.mp4,True,True,False,False,False
data/videos_160/652.mp4,False,False,False,False,False
data/videos_160/653.mp4,False,False,False,False,False
data/videos_160/654.mp4,True,False,False,False,False
data/videos_160/655.mp4,False,False,False,False,False
data/videos_160/656.mp4,False,False,False,False,False
data/videos_160/657.mp4,True,True,False,False,False
data/videos_160/658.mp4,True,True,False,False,False
data/videos_160/659.mp4,False,False,False,False,False
data/videos_160/660.mp4,False,False,False,False,False
data/videos_160/661.mp4,True,False,False,False,False
data/videos_160/662.mp4,True,False,False,False,False
data/videos_160/663.mp4,True,False,False,False,False
data/videos_160/664.mp4,False,False,False,False,False
data/videos_160/665.mp4,False,False,False,False,False
data/videos_160/666.mp4,True,True,False,False,False
data/videos_160/667.mp4,True,False,False,False,False
data/videos_160/668.mp4,False,False,False,False,False
data/videos_160/669.mp4,True,False,False,False,False
data/videos_160/670.mp4,True,False,False,False,False
data/videos_160/671.mp4,False,False,False,False,False
data/videos_160/672.mp4,False,False,False,False,False
data/videos_160/673.mp4,False,False,False,False,False
data/videos_160/674.mp4,True,True,False,False,False
data/videos_160/675.mp4,True,False,False,False,False
data/videos_160/676.mp4,False,False,False,False,False
data/videos_160/677.mp4,False,False,False,False,False
data/videos_160/678.mp4,True,False,False,False,False
data/videos_160/679.mp4,True,True,False,False,False
data/videos_160/680.mp4,True,False,False,False,False
data/videos_160/681.mp4,False,True,False,False,False
data/videos_160/682.mp4,True,False,False,False,False
data/videos_160/683.mp4,True,False,False,False,False
data/videos_160/684.mp4,False,False,False,False,False
data/videos_160/685.mp4,False,True,False,False,False
data/videos_160/686.mp4,True,True,False,False,False
data/videos_160/687.mp4,False,False,False,False,False
data/videos_160/688.mp4,False,False,False,False,False
data/videos_160/689.mp4,True,False,False,False,False
data/videos_160/690.mp4,False,False,False,False,False
data/videos_160/691.mp4,False,False,False,False,False
data/videos_160/692.mp4,False,False,False,False,False
data/videos_160/693.mp4,True,True,False,False,False
data/videos_160/694.mp4,False,True,False,False,False
data/videos_160/695.mp4,False,False,False,False,False
data/videos_160/696.mp4,True,False,False,False,False
data/videos_160/697.mp4,True,True,False,False,False
data/videos_160/698.mp4,True,False,False,False,False
data/videos_160/699.mp4,True,False,False,False,False
data/videos_160/700.mp4,False,False,False,False,False
data/videos_160/701.mp4,False,False,False,False,False
data/videos_160/702.mp4,True,False,False,False,False
data/videos_160/703.mp4,False,False,False,False,False
data/videos_160/704.mp4,False,False,False,False,False
data/videos_160/705.mp4,True,False,False,False,False
data/videos_160/706.mp4,True,True,False,False,False
data/videos_160/707.mp4,True,False,False,False,False
data/videos_160/708.mp4,True,False,False,False,False
data/videos_160/709.mp4,True,True,False,False,False
data/videos_160/710.mp4,False,True,False,False,False
data/videos_160/711.mp4,True,False,False,False,False
data/videos_160/712.mp4,True,False,False,False,False
data/videos_160/713.mp4,True,True,False,False,False
data/videos_160/714.mp4,True,False,False,False,False
data/videos_160/715.mp4,False,False,False,False,False
data/videos_160/716.mp4,False,False,False,False,False
data/videos_160/717.mp4,True,True,False,False,False
data/videos_160/718.mp4,True,True,False,False,False
data/videos_160/719.mp4,True,True,False,False,False
data/videos_160/720.mp4,False,False,False,False,False
data/videos_160/721.mp4,False,False,False,False,False
data/videos_160/722.mp4,False,True,False,False,False
data/videos_160/723.mp4,True,False,False,False,False
data/videos_160/724.mp4,False,False,False,False,False
data/videos_160/725.mp4,False,True,False,False,False
data/videos_160/726.mp4,True,False,False,False,False
data/videos_160/727.mp4,True,False,False,False,False
data/videos_160/728.mp4,True,True,False,False,False
data/videos_160/729.mp4,True,True,False,False,False
data/videos_160/730.mp4,True,True,False,False,False
data/videos_160/731.mp4,False,False,False,False,False
data/videos_160/732.mp4,True,True,False,False,False
data/videos_160/733.mp4,True,False,False,False,False
data/videos_160/734.mp4,False,False,False,False,False
data/videos_160/735.mp4,True,False,False,False,False
data/videos_160/736.mp4,True,False,False,False,False
data/videos_160/737.mp4,False,True,False,False,False
data/videos_160/738.mp4,True,False,False,False,False
data/videos_160/739.mp4,False,False,False,False,False
data/videos_160/740.mp4,True,True,False,False,False
data/videos_160/741.mp4,False,False,False,False,False
data/videos_160/742.mp4,False,False,False,False,False
data/videos_160/743.mp4,False,False,False,False,False
data/videos_160/744.mp4,False,False,False,False,False
data/videos_160/745.mp4,True,True,False,False,False
data/videos_160/746.mp4,True,False,False,False,False
data/videos_160/747.mp4,True,False,False,False,False
data/videos_160/748.mp4,False,True,False,False,False
data/videos_160/749.mp4,False,False,False,False,False
data/videos_160/750.mp4,False,False,False,False,False
data/videos_160/751.mp4,False,True,False,False,False
data/videos_160/752.mp4,False,False,False,False,False
data/videos_160/753.mp4,True,True,False,False,False
data/videos_160/754.mp4,False,False,False,False,False
data/videos_160/755.mp4,False,False,False,False,False
data/videos_160/756.mp4,False,False,False,False,False
data/videos_160/757.mp4,True,True,False,False,False
data/videos_160/758.mp4,True,False,False,False,False
data/videos_160/759.mp4,False,False,False,False,False
data/videos_160/760.mp4,True,False,False,False,False
data/videos_160/761.mp4,False,False,False,False,False
data/videos_160/762.mp4,True,False,False,False,False
data/videos_160/763.mp4,False,False,False,False,False
data/videos_160/764.mp4,False,True,False,False,False
data/videos_160/765.mp4,False,True,False,False,False
data/videos_160/766.mp4,True,True,False,False,False
data/videos_160/767.mp4,True,False,False,False,False
data/videos_160/768.mp4,True,True,False,False,False
data/videos_160/769.mp4,False,False,False,False,False
data/videos_160/770.mp4,False,False,False,False,False
data/videos_160/771.mp4,False,False,False,False,False
data/videos_160/772.mp4,True,False,False,False,False
data/videos_160/773.mp4,True,False,False,False,False
data/videos_160/774.mp4,False,False,False,False,False
data/videos_160/775.mp4,False,False,False,False,False
data/videos_160/776.mp4,False,False,False,False,False
data/videos_160/777.mp4,False,True,False,False,False
data/videos_160/778.mp4,True,False,False,False,False
data/videos_160/779.mp4,False,False,False,False,False
data/videos_160/780.mp4,True,True,False,False,False
data/videos_160/781.mp4,False,True,False,False,False
data/videos_160/782.mp4,True,False,False,False,False
data/videos_160/783.mp4,True,False,False,False,False
data/videos_160/784.mp4,True,False,False,False,False
data/videos_160/785.mp4,False,False,False,False,False
data/videos_160/786.mp4,False,True,False,False,False
data/videos_160/787.mp4,False,False,False,False,False
data/videos_160/788.mp4,False,False,False,False,False
data/videos_160/789.mp4,True,False,False,False,False
data/videos_160/790.mp4,True,False,False,False,False
data/videos_160/791.mp4,False,False,False,False,False
data/videos_160/792.mp4,True,False,False,False,False
data/videos_160/793.mp4,True,False,False,False,False
data/videos_160/794.mp4,True,False,False,False,False
data/videos_160/795.mp4,False,False,False,False,False
data/videos_160/796.mp4,True,True,False,False,False
data/videos_160/797.mp4,True,False,False,False,False
data/videos_160/798.mp4,False,False,False,False,False
data/videos_160/799.mp4,False,False,False,False,False
data/videos_160/800.mp4,True,False,False,False,False
data/videos_160/801.mp4,True,True,False,False,False
data/videos_160/802.mp4,True,False,False,False,False
data/videos_160/803.mp4,True,False,False,False,False
data/videos_160/804.mp4,False,False,False,False,False
data/videos_160/805.mp4,False,False,False,False,False
data/videos_160/806.mp4,False,False,False,False,False
data/videos_160/807.mp4,False,True,False,False,False
data/videos_160/808.mp4,True,True,False,False,False
data/videos_160/809.mp4,False,False,False,False,False
data/videos_160/810.mp4,True,True,False,False,False
data/videos_160/811.mp4,True,True,False,False,False
data/videos_160/812.mp4,False,False,False,False,False
data/videos_160/813.mp4,False,False,False,False,False
data/videos_160/814.mp4,False,True,False,False,False
data/videos_160/815.mp4,False,True,False,False,False
data/videos_160/816.mp4,True,True,False,False,False
data/videos_160/817.mp4,False,False,False,False,False
data/videos_160/818.mp4,False,False,False,False,False
data/videos_160/819.mp4,True,False,False,False,False
data/videos_160/820.mp4,False,False,False,False,False
data/videos_160/821.mp4,False,False,False,False,False
data/videos_160/822.mp4,False,True,False,False,False
data/videos_160/823.mp4,False,True,False,False,False
data/videos_160/824.mp4,False,False,False,False,False
data/videos_160/825.mp4,True,True,False,False,False
data/videos_160/826.mp4,True,False,False,False,False
data/videos_160/827.mp4,True,False,False,False,False
data/videos_160/828.mp4,True,False,False,False,False
data/videos_160/829.mp4,True,False,False,False,False
data/videos_160/830.mp4,True,False,False,False,False
data/videos_160/831.mp4,True,False,False,False,False
data/videos_160/832.mp4,False,False,False,False,False
data/videos_160/833.mp4,True,False,False,False,False
data/videos_160/834.mp4,False,False,False,False,False
data/videos_160/835.mp4,True,True,False,False,False
data/videos_160/836.mp4,False,False,False,False,False
data/videos_160/837.mp4,True,False,False,False,False
data/videos_160/838.mp4,True,True,False,False,False
data/videos_160/839.mp4,False,False,False,False,False
data/videos_160/840.mp4,True,False,False,False,False
data/videos_160/841.mp4,False,True,False,False,False
data/videos_160/842.mp4,False,False,False,False,False
data/videos_160/843.mp4,False,False,False,False,False
data/videos_160/844.mp4,False,False,False,False,False
data/videos_160/845.mp4,False,False,False,False,False
data/videos_160/846.mp4,True,False,False,False,False
data/videos_160/847.mp4,True,False,False,False,False
data/videos_160/848.mp4,True,True,False,False,False
data/videos_160/849.mp4,True,False,False,False,False
data/videos_160/850.mp4,False,True,False,False,False
data/videos_160/851.mp4,False,False,False,False,False
data/videos_160/852.mp4,True,False,False,False,False
data/videos_160/853.mp4,True,True,False,False,False
data/videos_160/854.mp4,False,False,False,False,False
data/videos_160/855.mp4,False,False,False,False,False
data/videos_160/856.mp4,False,False,False,False,False
data/videos_160/857.mp4,True,False,False,False,False
data/videos_160/858.mp4,False,False,False,False,False
data/videos_160/859.mp4,True,False,False,False,False
data/videos_160/860.mp4,False,True,False,False,False
data/videos_160/861.mp4,False,False,False,False,False
data/videos_160/862.mp4,False,False,False,False,False
data/videos_160/863.mp4,False,False,False,False,False
data/videos_160/864.mp4,False,False,False,False,False
data/videos_160/865.mp4,False,False,False,False,False
data/videos_160/866.mp4,True,False,False,False,False
data/videos_160/867.mp4,True,False,False,False,False
data/videos_160/868.mp4,True,False,False,False,False
data/videos_160/869.mp4,False,True,False,False,False
data/videos_160/870.mp4,False,False,False,False,False
data/videos_160/871.mp4,True,False,False,False,False
data/videos_160/872.mp4,True,True,False,False,False
data/videos_160/873.mp4,False,False,False,False,False
data/videos_160/874.mp4,False,True,False,False,False
data/videos_160/875.mp4,False,False,False,False,False
data/videos_160/876.mp4,True,False,False,False,False
data/videos_160/877.mp4,False,False,False,False,False
data/videos_160/878.mp4,False,False,False,False,False
data/videos_160/879.mp4,True,True,False,False,False
data/videos_160/880.mp4,True,False,False,False,False
data/videos_160/881.mp4,False,True,False,False,False
data/videos_160/882.mp4,True,False,False,False,False
data/videos_160/883.mp4,True,False,False,False,False
data/videos_160/884.mp4,False,False,False,False,False
data/videos_160/885.mp4,False,False,False,False,False
data/videos_160/886.mp4,True,False,False,False,False
data/videos_160/887.mp4,False,True,False,False,False
data/videos_160/888.mp4,True,False,False,False,False
data/videos_160/889.mp4,False,False,False,False,False
data/videos_160/890.mp4,True,False,False,False,False
data/videos_160/891.mp4,True,False,False,False,False
data/videos_160/892.mp4,False,True,False,False,False
data/videos_160/893.mp4,True,True,False,False,False
data/videos_160/894.mp4,True,False,False,False,False
data/videos_160/895.mp4,False,False,False,False,False
data/videos_160/896.mp4,False,False,False,False,False
data/videos_160/897.mp4,False,False,False,False,False
data/videos_160/898.mp4,True,False,False,False,False
data/videos_160/899.mp4,False,False,False,False,False
data/videos_160/900.mp4,False,False,False,False,False
data/videos_160/901.mp4,True,False,False,False,False
data/videos_160/902.mp4,False,False,False,False,False
data/videos_160/903.mp4,False,False,False,False,False
data/videos_160/904.mp4,False,False,False,False,False
data/videos_160/905.mp4,False,False,False,False,False
data/videos_160/906.mp4,False,False,False,False,False
data/videos_160/907.mp4,True,False,False,False,False
data/videos_160/908.mp4,True,False,False,False,False
data/videos_160/909.mp4,False,False,False,False,False
data/videos_160/910.mp4,True,False,False,False,False
data/videos_160/911.mp4,False,True,False,False,False
data/videos_160/912.mp4,False,False,False,False,False
data/videos_160/913.mp4,False,False,False,False,False
data/videos_160/914.mp4,False,False,False,False,False
data/videos_160/915.mp4,True,False,False,False,False
data/videos_160/916.mp4,False,False,False,False,False
data/videos_160/917.mp4,True,False,False,False,False
data/videos_160/918.mp4,True,False,False,False,False
data/videos_160/919.mp4,True,True,False,False,False
data/videos_160/920.mp4,True,True,False,False,False
data/videos_160/921.mp4,False,False,False,False,False
data/videos_160/922.mp4,True,False,False,False,False
data/videos_160/923.mp4,False,False,False,False,False
data/videos_160/924.mp4,True,False,False,False,False
data/videos_160/925.mp4,False,False,False,False,False
data/videos_160/926.mp4,False,False,False,False,False
data/videos_160/927.mp4,True,False,False,False,False
data/videos_160/928.mp4,True,False,False,False,False
data/videos_160/929.mp4,False,False,False,False,False
data/videos_160/930.mp4,True,False,False,False,False
data/videos_160/931.mp4,False,True,False,False,False
data/videos_160/932.mp4,False,False,False,False,False
data/videos_160/933.mp4,True,True,False,False,False
data/videos_160/934.mp4,True,True,False,False,False
data/videos_160/935.mp4,False,True,False,False,False
data/videos_160/936.mp4,False,False,False,False,False
data/videos_160/937.mp4,True,True,False,False,False
data/videos_160/938.mp4,False,False,False,False,False
data/videos_160/939.mp4,False,False,False,False,False
data/videos_160/940.mp4,True,False,False,False,False
data/videos_160/941.mp4,False,False,False,False,False
data/videos_160/942.mp4,True,False,False,False,False
data/videos_160/943.mp4,False,False,False,False,False
data/videos_160/944.mp4,False,False,False,False,False
data/videos_160/945.mp4,False,False,False,False,False
data/videos_160/946.mp4,True,False,False,False,False
data/videos_160/947.mp4,False,True,False,False,False
data/videos_160/948.mp4,False,False,False,False,False
data/videos_160/949.mp4,False,True,False,False,False
data/videos_160/950.mp4,False,False,False,False,False
data/videos_160/951.mp4,False,False,False,False,False
data/videos_160/952.mp4,True,False,False,False,False
data/videos_160/953.mp4,True,False,False,False,False
data/videos_160/954.mp4,False,False,False,False,False
data/videos_160/955.mp4,False,False,False,False,False
data/videos_160/956.mp4,False,False,False,False,False
data/videos_160/957.mp4,True,False,False,False,False
data/videos_160/958.mp4,False,True,False,False,False
data/videos_160/959.mp4,True,True,False,False,False
data/videos_160/960.mp4,True,False,False,False,False
data/videos_160/961.mp4,False,False,False,False,False
data/videos_160/962.mp4,False,False,False,False,False
data/videos_160/963.mp4,False,False,False,False,False
data/videos_160/964.mp4,True,False,False,False,False
data/videos_160/965.mp4,True,False,False,False,False
data/videos_160/966.mp4,True,False,False,False,False
data/videos_160/967.mp4,True,False,False,False,False
data/videos_160/968.mp4,False,True,False,False,False
data/videos_160/969.mp4,False,True,False,False,False
data/videos_160/970.mp4,True,False,False,False,False
data/videos_160/971.mp4,True,False,False,False,False
data/videos_160/972.mp4,False,False,False,False,False
data/videos_160/973.mp4,False,False,False,False,False
data/videos_160/974.mp4,True,False,False,False,False
data/videos_160/975.mp4,True,False,False,False,False
data/videos_160/976.mp4,True,True,False,False,False
data/videos_160/977.mp4,False,False,False,False,False
data/videos_160/978.mp4,True,False,False,False,False
data/videos_160/979.mp4,True,False,False,False,False
data/videos_160/980.mp4,True,False,False,False,False
data/videos_160/981.mp4,False,False,False,False,False
data/videos_160/982.mp4,True,False,False,False,False
data/videos_160/983.mp4,False,False,False,False,False
data/videos_160/984.mp4,True,False,False,False,False
data/videos_160/985.mp4,False,False,False,False,False
data/videos_160/986.mp4,True,True,False,False,False
data/videos_160/987.mp4,False,False,False,False,False
data/videos_160/988.mp4,False,False,False,False,False
data/videos_160/989.mp4,True,False,False,False,False
data/videos_160/990.mp4,False,False,False,False,False
data/videos_160/991.mp4,True,False,False,False,False
data/videos_160/992.mp4,True,False,False,False,False
data/videos_160/993.mp4,False,False,False,False,False
data/videos_160/994.mp4,False,False,False,False,False
data/videos_160/995.mp4,False,False,False,False,False
data/videos_160/996.mp4,False,True,False,False,False
data/videos_160/997.mp4,True,False,False,False,False
data/videos_160/998.mp4,False,False,False,False,False
data/videos_160/999.mp4,False,False,False,False,False
data/videos_160/1000.mp4,False,False,False,False,False
data/videos_160/1001.mp4,False,False,False,False,False
data/videos_160/1002.mp4,False,False,False,False,False
data/videos_160/1003.mp4,True,False,False,False,False
data/videos_160/1004.mp4,True,False,False,False,False
data/videos_160/1005.mp4,False,False,False,False,False
data/videos_160/1006.mp4,True,False,False,False,False
data/videos_160/1007.mp4,True,False,False,False,False
data/videos_160/1008.mp4,False,False,False,False,False
data/videos_160/1009.mp4,True,True,False,False,False
data/videos_160/1010.mp4,True,True,False,False,False
data/videos_160/1011.mp4,False,True,False,False,False
data/videos_160/1012.mp4,True,False,False,False,False
data/videos_160/1013.mp4,True,False,False,False,False
data/videos_160/1014.mp4,True,False,False,False,False
data/videos_160/1015.mp4,True,False,False,False,False
data/videos_160/1016.mp4,True,False,False,False,False
data/videos_160/1017.mp4,True,False,False,False,False
data/videos_160/1018.mp4,True,False,False,False,False
data/videos_160/1019.mp4,True,False,False,False,False
data/videos_160/1020.mp4,False,False,False,False,False
data/videos_160/1021.mp4,False,True,False,False,False
data/videos_160/1022.mp4,False,False,False,False,False
data/videos_160/1023.mp4,False,False,False,False,False
data/videos_160/1024.mp4,True,False,False,False,False
data/videos_160/1025.mp4,True,False,False,False,False
data/videos_160/1026.mp4,True,False,False,False,False
data/videos_160/1027.mp4,False,False,False,False,False
data/videos_160/1028.mp4,False,False,False,False,False
data/videos_160/1029.mp4,False,False,False,False,False
data/videos_160/1030.mp4,False,True,False,False,False
data/videos_160/1031.mp4,True,True,False,False,False
data/videos_160/1032.mp4,True,False,False,False,False
data/videos_160/1033.mp4,True,True,False,False,False
data/videos_160/1034.mp4,False,False,False,False,False
data/videos_160/1035.mp4,False,False,False,False,False
data/videos_160/1036.mp4,False,False,False,False,False
data/videos_160/1037.mp4,True,False,False,False,False
data/videos_160/1038.mp4,False,False,False,False,False
data/videos_160/1039.mp4,True,False,False,False,False
data/videos_160/1040.mp4,True,False,False,False,False
data/videos_160/1041.mp4,False,True,False,False,False
data/videos_160/1042.mp4,False,False,False,False,False
data/videos_160/1043.mp4,True,False,False,False,False
data/videos_160/1044.mp4,False,False,False,False,False
data/videos_160/1045.mp4,True,False,False,False,False
data/videos_160/1046.mp4,True,True,False,False,False
data/videos_160/1047.mp4,False,False,False,False,False
data/videos_160/1048.mp4,False,False,False,False,False
data/videos_160/1049.mp4,True,True,False,False,False
data/videos_160/1050.mp4,True,True,False,False,False
data/videos_160/1051.mp4,False,False,False,False,False
data/videos_160/1052.mp4,False,False,False,False,False
data/videos_160/1053.mp4,False,False,False,False,False
data/videos_160/1054.mp4,True,False,False,False,False
data/videos_160/1055.mp4,True,False,False,False,False
data/videos_160/1056.mp4,False,False,False,False,False
data/videos_160/1057.mp4,True,False,False,False,False
data/videos_160/1058.mp4,True,False,False,False,False
data/videos_160/1059.mp4,True,False,False,False,False
data/videos_160/1060.mp4,True,False,False,False,False
data/videos_160/1061.mp4,False,True,False,False,False
data/videos_160/1062.mp4,True,False,False,False,False
data/videos_160/1063.mp4,True,False,False,False,False
data/videos_160/1064.mp4,True,False,False,False,False
data/videos_160/1065.mp4,True,False,False,False,False
data/videos_160/1066.mp4,False,False,False,False,False
data/videos_160/1067.mp4,False,False,False,False,False
data/videos_160/1068.mp4,True,False,False,False,False
data/videos_160/1069.mp4,False,True,False,False,False
data/videos_160/1070.mp4,False,True,False,False,False
data/videos_160/1071.mp4,True,True,False,False,False
data/videos_160/1072.mp4,True,False,False,False,False
data/videos_160/1073.mp4,False,False,False,False,False
data/videos_160/1074.mp4,False,False,False,False,False
data/videos_160/1075.mp4,True,False,False,False,False
data/videos_160/1076.mp4,True,False,False,False,False
data/videos_160/1077.mp4,True,False,False,False,False
data/videos_160/1078.mp4,True,False,False,False,False
data/videos_160/1079.mp4,False,False,False,False,False
data/videos_160/1080.mp4,False,False,False,False,False
data/videos_160/1081.mp4,False,False,False,False,False
data/videos_160/1082.mp4,False,False,False,False,False
data/videos_160/1083.mp4,True,False,False,False,False
data/videos_160/1084.mp4,False,False,False,False,False
data/videos_160/1085.mp4,True,True,False,False,False
data/videos_160/1086.mp4,True,False,False,False,False
data/videos_160/1087.mp4,False,False,False,False,False
data/videos_160/1088.mp4,True,True,False,False,False
data/videos_160/1089.mp4,False,False,False,False,False
data/videos_160/1090.mp4,True,True,False,False,False
data/videos_160/1091.mp4,False,False,False,False,False
data/videos_160/1092.mp4,False,False,False,False,False
data/videos_160/1093.mp4,False,False,False,False,False
data/videos_160/1094.mp4,True,False,False,False,False
data/videos_160/1095.mp4,False,False,False,False,False
data/videos_160/1096.mp4,False,False,False,False,False
data/videos_160/1097.mp4,True,False,False,False,False
data/videos_160/1098.mp4,True,False,False,False,False
data/videos_160/1099.mp4,True,False,False,False,False
data/videos_160/1100.mp4,False,False,False,False,False
data/videos_160/1101.mp4,False,False,False,False,False
data/videos_160/1102.mp4,False,False,False,False,False
data/videos_160/1103.mp4,True,True,False,False,False
data/videos_160/1104.mp4,True,False,False,False,False
data/videos_160/1105.mp4,True,False,False,False,False
data/videos_160/1106.mp4,False,True,False,False,False
data/videos_160/1107.mp4,False,False,False,False,False
data/videos_160/1108.mp4,False,False,False,False,False
data/videos_160/1109.mp4,False,False,False,False,False
data/videos_160/1110.mp4,False,False,False,False,False
data/videos_160/1111.mp4,True,False,False,False,False
data/videos_160/1112.mp4,True,False,False,False,False
data/videos_160/1113.mp4,True,True,False,False,False
data/videos_160/1114.mp4,True,False,False,False,False
data/videos_160/1115.mp4,False,True,False,False,False
data/videos_160/1116.mp4,False,False,False,False,False
data/videos_160/1117.mp4,True,False,False,False,False
data/videos_160/1118.mp4,True,False,False,False,False
data/videos_160/1119.mp4,True,False,False,False,False
data/videos_160/1120.mp4,True,True,False,False,False
data/videos_160/1121.mp4,False,False,False,False,False
data/videos_160/1122.mp4,False,True,False,False,False
data/videos_160/1123.mp4,False,False,False,False,False
data/videos_160/1124.mp4,False,False,False,False,False
data/videos_160/1125.mp4,False,False,False,False,False
data/videos_160/1126.mp4,False,True,False,False,False
data/videos_160/1127.mp4,True,True,False,False,False
data/videos_160/1128.mp4,False,False,False,False,False
data/videos_160/1129.mp4,True,False,False,False,False
data/videos_160/1130.mp4,False,True,False,False,False
data/videos_160/1131.mp4,False,False,False,False,False
data/videos_160/1132.mp4,False,True,False,False,False
data/videos_160/1133.mp4,False,False,False,False,False
data/videos_160/1134.mp4,True,True,False,False,False
data/videos_160/1135.mp4,False,True,False,False,False
data/videos_160/1136.mp4,False,False,False,False,False
data/videos_160/1137.mp4,True,False,False,False,False
data/videos_160/1138.mp4,True,False,False,False,False
data/videos_160/1139.mp4,False,False,False,False,False
data/videos_160/1140.mp4,False,True,False,False,False
data/videos_160/1141.mp4,True,True,False,False,False
data/videos_160/1142.mp4,True,True,False,False,False
data/videos_160/1143.mp4,True,True,False,False,False
data/videos_160/1144.mp4,True,False,False,False,False
data/videos_160/1145.mp4,False,False,False,False,False
data/videos_160/1146.mp4,True,True,False,False,False
data/videos_160/1147.mp4,True,True,False,False,False
data/videos_160/1148.mp4,False,True,False,False,False
data/videos_160/1149.mp4,False,False,False,False,False
data/videos_160/1150.mp4,True,False,False,False,False
data/videos_160/1151.mp4,True,False,False,False,False
data/videos_160/1152.mp4,True,False,False,False,False
data/videos_160/1153.mp4,False,True,False,False,False
data/videos_160/1154.mp4,False,False,False,False,False
data/videos_160/1155.mp4,True,False,False,False,False
data/videos_160/1156.mp4,True,True,False,False,False
data/videos_160/1157.mp4,True,False,False,False,False
data/videos_160/1158.mp4,False,False,False,False,False
data/videos_160/1159.mp4,True,False,False,False,False
data/videos_160/1160.mp4,False,False,False,False,False
data/videos_160/1161.mp4,False,False,False,False,False
data/videos_160/1162.mp4,False,False,False,False,False
data/videos_160/1163.mp4,True,False,False,False,False
data/videos_160/1164.mp4,True,False,False,False,False
data/videos_160/1165.mp4,False,True,False,False,False
data/videos_160/1166.mp4,False,False,False,False,False
data/videos_160/1167.mp4,False,False,False,False,False
data/videos_160/1168.mp4,False,False,False,False,False
data/videos_160/1169.mp4,True,False,False,False,False
data/videos_160/1170.mp4,False,True,False,False,False
data/videos_160/1171.mp4,True,False,False,False,False
data/videos_160/1172.mp4,False,False,False,False,False
data/videos_160/1173.mp4,False,True,False,False,False
data/videos_160/1174.mp4,False,False,False,False,False
data/videos_160/1175.mp4,False,False,False,False,False
data/videos_160/1176.mp4,True,True,False,False,False
data/videos_160/1177.mp4,True,False,False,False,False
data/videos_160/1178.mp4,True,True,False,False,False
data/videos_160/1179.mp4,False,False,False,False,False
data/videos_160/1180.mp4,True,True,False,False,False
data/videos_160/1181.mp4,True,True,False,False,False
data/videos_160/1182.mp4,True,False,False,False,False
data/videos_160/1183.mp4,True,False,False,False,False
data/videos_160/1184.mp4,False,False,False,False,False
data/videos_160/1185.mp4,False,False,False,False,False
data/videos_160/1186.mp4,True,False,False,False,False
data/videos_160/1187.mp4,False,False,False,False,False
data/videos_160/1188.mp4,True,True,False,False,False
data/videos_160/1189.mp4,True,False,False,False,False
data/videos_160/1190.mp4,False,True,False,False,False
data/videos_160/1191.mp4,False,True,False,False,False
data/videos_160/1192.mp4,False,False,False,False,False
data/videos_160/1193.mp4,False,False,False,False,False
data/videos_160/1194.mp4,True,False,False,False,False
data/videos_160/1195.mp4,True,False,False,False,False
data/videos_160/1196.mp4,True,False,False,False,False
data/videos_160/1197.mp4,False,False,False,False,False
data/videos_160/1198.mp4,False,False,False,False,False
data/videos_160/1199.mp4,False,False,False,False,False
data/videos_160/1200.mp4,True,False,False,False,False
data/videos_160/1201.mp4,False,False,False,False,False
data/videos_160/1202.mp4,False,False,False,False,False
data/videos_160/1203.mp4,True,False,False,False,False
data/videos_160/1204.mp4,False,False,False,False,False
data/videos_160/1205.mp4,False,True,False,False,False
data/videos_160/1206.mp4,False,True,False,False,False
data/videos_160/1207.mp4,False,False,False,False,False
data/videos_160/1208.mp4,False,False,False,False,False
data/videos_160/1209.mp4,False,False,False,False,False
data/videos_160/1210.mp4,True,False,False,False,False
data/videos_160/1211.mp4,True,True,False,False,False
data/videos_160/1212.mp4,False,False,False,False,False
data/videos_160/1213.mp4,False,False,False,False,False
data/videos_160/1214.mp4,False,False,False,False,False
data/videos_160/1215.mp4,True,True,False,False,False
data/videos_160/1216.mp4,True,True,False,False,False
data/videos_160/1217.mp4,True,False,False,False,False
data/videos_160/1218.mp4,False,False,False,False,False
data/videos_160/1219.mp4,False,True,False,False,False
data/videos_160/1220.mp4,True,False,False,False,False
data/videos_160/1221.mp4,True,False,False,False,False
data/videos_160/1222.mp4,False,True,False,False,False
data/videos_160/1223.mp4,True,False,False,False,False
data/videos_160/1224.mp4,False,False,False,False,False
data/videos_160/1225.mp4,False,False,False,False,False
data/videos_160/1226.mp4,False,False,False,False,False
data/videos_160/1227.mp4,True,False,False,False,False
data/videos_160/1228.mp4,True,False,False,False,False
data/videos_160/1229.mp4,True,False,False,False,False
data/videos_160/1230.mp4,True,True,False,False,False
data/videos_160/1231.mp4,False,True,False,False,False
data/videos_160/1232.mp4,True,False,False,False,False
data/videos_160/1233.mp4,True,False,False,False,False
data/videos_160/1234.mp4,False,False,False,False,False
data/videos_160/1235.mp4,True,False,False,False,False
data/videos_160/1236.mp4,False,False,False,False,False
data/videos_160/1237.mp4,False,False,False,False,False
data/videos_160/1238.mp4,False,False,False,False,False
data/videos_160/1239.mp4,False,True,False,False,False
data/videos_160/1240.mp4,False,False,False,False,False
data/videos_160/1241.mp4,False,True,False,False,False
data/videos_160/1242.mp4,False,False,False,False,False
data/videos_160/1243.mp4,False,False,False,False,False
data/videos_160/1244.mp4,False,True,False,False,False
data/videos_160/1245.mp4,False,True,False,False,False
data/videos_160/1246.mp4,True,True,False,False,False
data/videos_160/1247.mp4,True,False,False,False,False
data/videos_160/1248.mp4,False,False,False,False,False
data/videos_160/1249.mp4,False,False,False,False,False
data/videos_160/1250.mp4,False,False,False,False,False
data/videos_160/1251.mp4,True,True,False,False,False
data/videos_160/1252.mp4,False,False,False,False,False
data/videos_160/1253.mp4,False,False,False,False,False
data/videos_160/1254.mp4,False,True,False,False,False
data/videos_160/1255.mp4,False,False,False,False,False
data/videos_160/1256.mp4,True,True,False,False,False
data/videos_160/1257.mp4,False,False,False,False,False
data/videos_160/1258.mp4,False,False,False,False,False
data/videos_160/1259.mp4,False,False,False,False,False
data/videos_160/1260.mp4,False,False,False,False,False
data/videos_160/1261.mp4,False,False,False,False,False
data/videos_160/1262.mp4,False,True,False,False,False
data/videos_160/1263.mp4,True,True,False,False,False
data/videos_160/1264.mp4,True,False,False,False,False
data/videos_160/1265.mp4,True,False,False,False,False
data/videos_160/1266.mp4,True,False,False,False,False
data/videos_160/1267.mp4,False,True,False,False,False
data/videos_160/1268.mp4,False,False,False,False,False
data/videos_160/1269.mp4,False,False,False,False,False
data/videos_160/1270.mp4,True,True,False,False,False
data/videos_160/1271.mp4,True,True,False,False,False
data/videos_160/1272.mp4,False,False,False,False,False
data/videos_160/1273.mp4,True,False,False,False,False
data/videos_160/1274.mp4,False,False,False,False,False
data/videos_160/1275.mp4,False,False,False,False,False
data/videos_160/1276.mp4,True,True,False,False,False
data/videos_160/1277.mp4,True,False,False,False,False
data/videos_160/1278.mp4,True,True,False,False,False
data/videos_160/1279.mp4,False,False,False,False,False
data/videos_160/1280.mp4,False,True,False,False,False
data/videos_160/1281.mp4,False,False,False,False,False
data/videos_160/1282.mp4,False,False,False,False,False
data/videos_160/1283.mp4,False,False,False,False,False
data/videos_160/1284.mp4,True,False,False,False,False
data/videos_160/1285.mp4,False,False,False,False,False
data/videos_160/1286.mp4,True,False,False,False,False
data/videos_160/1287.mp4,False,False,False,False,False
data/videos_160/1288.mp4,False,False,False,False,False
data/videos_160/1289.mp4,True,False,False,False,False
data/videos_160/1290.mp4,False,True,False,False,False
data/videos_160/1291.mp4,True,False,False,False,False
data/videos_160/1292.mp4,True,True,False,False,False
data/videos_160/1293.mp4,True,True,False,False,False
data/videos_160/1294.mp4,False,False,False,False,False
data/videos_160/1295.mp4,True,True,False,False,False
data/videos_160/1296.mp4,True,True,False,False,False
data/videos_160/1297.mp4,False,True,False,False,False
data/videos_160/1298.mp4,False,True,False,False,False
data/videos_160/1299.mp4,False,False,False,False,False
data/videos_160/1300.mp4,True,True,False,False,False
data/videos_160/1301.mp4,False,False,False,False,False
data/videos_160/1302.mp4,False,False,False,False,False
data/videos_160/1303.mp4,False,False,False,False,False
data/videos_160/1304.mp4,True,True,False,False,False
data/videos_160/1305.mp4,False,False,False,False,False
data/videos_160/1306.mp4,False,False,False,False,False
data/videos_160/1307.mp4,True,True,False,False,False
data/videos_160/1308.mp4,True,True,False,False,False
data/videos_160/1309.mp4,False,False,False,False,False
data/videos_160/1310.mp4,False,False,False,False,False
data/videos_160/1311.mp4,True,False,False,False,False
data/videos_160/1312.mp4,True,False,False,False,False
data/videos_160/1313.mp4,False,True,False,False,False
data/videos_160/1314.mp4,True,False,False,False,False
data/videos_160/1315.mp4,False,True,False,False,False
data/videos_160/1316.mp4,False,True,False,False,False
data/videos_160/1317.mp4,False,False,False,False,False
data/videos_160/1318.mp4,True,True,False,False,False
data/videos_160/1319.mp4,True,False,False,False,False
data/videos_160/1320.mp4,True,False,False,False,False
data/videos_160/1321.mp4,False,False,False,False,False
data/videos_160/1322.mp4,False,True,False,False,False
data/videos_160/1323.mp4,False,False,False,False,False
data/videos_160/1324.mp4,False,False,False,False,False
data/videos_160/1325.mp4,False,False,False,False,False
data/videos_160/1326.mp4,False,False,False,False,False
data/videos_160/1327.mp4,True,False,False,False,False
data/videos_160/1328.mp4,True,True,False,False,False
data/videos_160/1329.mp4,False,False,False,False,False
data/videos_160/1330.mp4,True,False,False,False,False
data/videos_160/1331.mp4,False,False,False,False,False
data/videos_160/1332.mp4,False,False,False,False,False
data/videos_160/1333.mp4,False,False,False,False,False
data/videos_160/1334.mp4,True,False,False,False,False
data/videos_160/1335.mp4,True,False,False,False,False
data/videos_160/1336.mp4,True,False,False,False,False
data/videos_160/1337.mp4,False,False,False,False,False
data/videos_160/1338.mp4,False,False,False,False,False
data/videos_160/1339.mp4,True,False,False,False,False
data/videos_160/1340.mp4,False,False,False,False,False
data/videos_160/1341.mp4,False,False,False,False,False
data/videos_160/1342.mp4,False,True,False,False,False
data/videos_160/1343.mp4,False,False,False,False,False
data/videos_160/1344.mp4,True,False,False,False,False
data/videos_160/1345.mp4,False,False,False,False,False
data/videos_160/1346.mp4,False,False,False,False,False
data/videos_160/1347.mp4,False,False,False,False,False
data/videos_160/1348.mp4,True,False,False,False,False
data/videos_160/1349.mp4,False,False,False,False,False
data/videos_160/1350.mp4,True,False,False,False,False
data/videos_160/1351.mp4,True,False,False,False,False
data/videos_160/1352.mp4,True,True,False,False,False
data/videos_160/1353.mp4,False,True,False,False,False
data/videos_160/1354.mp4,True,False,False,False,False
data/videos_160/1355.mp4,True,False,False,False,False
data/videos_160/1356.mp4,False,False,False,False,False
data/videos_160/1357.mp4,False,False,False,False,False
data/videos_160/1358.mp4,False,False,False,False,False
data/videos_160/1359.mp4,True,True,False,False,False
data/videos_160/1360.mp4,True,False,False,False,False
data/videos_160/1361.mp4,False,True,False,False,False
data/videos_160/1362.mp4,False,True,False,False,False
data/videos_160/1363.mp4,False,False,False,False,False
data/videos_160/1364.mp4,False,False,False,False,False
data/videos_160/1365.mp4,True,False,False,False,False
data/videos_160/1366.mp4,False,False,False,False,False
data/videos_160/1367.mp4,True,False,False,False,False
data/videos_160/1368.mp4,False,False,False,False,False
data/videos_160/1369.mp4,False,False,False,False,False
data/videos_160/1370.mp4,True,False,False,False,False
data/videos_160/1371.mp4,False,False,False,False,False
data/videos_160/1372.mp4,True,False,False,False,False
data/videos_160/1373.mp4,False,False,False,False,False
data/videos_160/1374.mp4,True,False,False,False,False
data/videos_160/1375.mp4,True,False,False,False,False
data/videos_160/1376.mp4,False,False,False,False,False
data/videos_160/1377.mp4,True,False,False,False,False
data/videos_160/1378.mp4,True,False,False,False,False
data/videos_160/1379.mp4,False,True,False,False,False
data/videos_160/1380.mp4,False,False,False,False,False
data/videos_160/1381.mp4,False,False,False,False,False
data/videos_160/1382.mp4,False,False,False,False,False
data/videos_160/1383.mp4,False,True,False,False,False
data/videos_160/1384.mp4,True,False,False,False,False
data/videos_160/1385.mp4,True,False,False,False,False
data/videos_160/1386.mp4,False,False,False,False,False
data/videos_160/1387.mp4,False,False,False,False,False
data/videos_160/1388.mp4,True,True,False,False,False
data/videos_160/1389.mp4,False,False,False,False,False
data/videos_160/1390.mp4,True,True,False,False,False
data/videos_160/1391.mp4,False,True,False,False,False
data/videos_160/1392.mp4,False,False,False,False,False
data/videos_160/1393.mp4,False,False,False,False,False
data/videos_160/1394.mp4,True,False,False,False,False
data/videos_160/1395.mp4,False,False,False,False,False
data/videos_160/1396.mp4,False,False,False,False,False
data/videos_160/1397.mp4,False,False,False,False,False
data/videos_160/1398.mp4,False,True,False,False,False
data/videos_160/1399.mp4,True,False,False,False,False
